{"far2": {"intercept": 42.99515654126435, "coef": [0.2945815337723693, 0.29124050210561314], "mean_inc": 13.611965811965812, "std_inc": 5.744736310471141}, "far1": {"intercept": 51.14505290418407, "coef": [0.48588807210855445], "mean_inc": 15.812820512820513, "std_inc": 6.961829676781067}, "bec2": {"intercept": 59.041570367766575, "coef": [0.2034899838653995, 0.2086807860844763], "mean_inc": 16.785428051001823, "std_inc": 6.572596202982492}, "aud2": {"intercept": 36.63590766279107, "coef": [0.36270397852045067, 0.24498701342468365], "mean_inc": 6.838407494145199, "std_inc": 5.25244321357511}}
